id,type,unit_id,title,release_date,now_available
1,A,Pre,Pre-course assessment,,True
2,U,1,Introduction,available July 10,True
3,U,2,Interpreting results,available July 11,True
4,U,3,Advanced techniques,available July 12,True
5,A,Mid,Mid-course assessment,,True
6,U,4,Find facts faster,available July 17,True
7,U,5,Checking your facts,available July 18,True
8,U,6,Putting it all together,available July 19,True
9,A,ReviewAssessmentExample,Sample peer review assignment,,True
10,A,Fin,Post-course assessment,,True
11,O,https://www.youtube.com/watch?v=ZhhiXxiAVtM&feature=player_embedded,Power Searching with Search Experts Video,,True
12,O,https://www.youtube.com/watch?v=dwlpViuIYgU&feature=player_embedded,Hang Out with Search Experts Video,,True
